"",class_name,gdp,return_on_invest
1,goodtimes,49.529,54.679
2,goodtimes,55.57,50.951
3,goodtimes,60.061,55.788
4,goodtimes,53.377,56.589
5,goodtimes,55.452,51.818
6,riproaringtimes,51.853,65.742
7,recession,43.354,49.586
8,goodtimes,58.341,52.939
9,goodtimes,54.203,50.068
10,goodtimes,52.308,64.408
11,recession,48.621,44.319
12,recession,43.404,40.023
13,goodtimes,55.622,51.924
14,goodtimes,53.373,52.536
15,recession,53.925,46.625
16,riproaringtimes,47.207,63.178
17,riproaringtimes,55.429,59.083
18,goodtimes,43.946,55.598
19,goodtimes,61.682,60.134
20,riproaringtimes,51.749,61.169
21,goodtimes,46.344,59.296
22,riproaringtimes,50.545,62.166
23,riproaringtimes,53.718,66.337
24,goodtimes,51.384,59.73
25,riproaringtimes,58.334,65.602
26,riproaringtimes,44.071,68.183
27,riproaringtimes,42.194,64.046
28,recession,42.202,53.692
29,recession,45.552,49.351
30,recession,45.129,45.993
31,riproaringtimes,48.248,64.67
32,recession,46.856,47.276
33,recession,46.491,38.491
34,recession,47.172,45.775
35,recession,42.55,47.547
36,recession,47.209,40.445
37,riproaringtimes,48.796,67.416
38,goodtimes,58.333,50.64
39,recession,45.901,47.209
40,goodtimes,52.698,56.881
41,goodtimes,58.923,58.543
42,goodtimes,46.147,52.543
43,recession,45.541,52.079
44,riproaringtimes,50.895,64.316
45,goodtimes,56.81,50.544
46,riproaringtimes,51.155,57.204
47,riproaringtimes,54.904,63.482
48,riproaringtimes,49.658,59.49
49,goodtimes,50.35,53.378
50,goodtimes,53.339,64.867
51,goodtimes,49.22,51.973
52,recession,45.632,49.792
53,goodtimes,55.493,51.718
54,goodtimes,54.13,54.952
55,riproaringtimes,48.165,68.89
56,riproaringtimes,54.046,67.031
57,recession,35.529,49.847
58,riproaringtimes,48.556,61.997
59,recession,40.405,43.142
60,recession,44.37,47.119
61,riproaringtimes,55.26,56.682
62,recession,37.24,52.701
63,riproaringtimes,47.77,67.95
64,goodtimes,56.866,55.989
65,goodtimes,50.733,52.16
66,riproaringtimes,49.687,66.356
67,recession,55.746,46.249
68,goodtimes,55.183,57.097
69,recession,41.332,46.343
70,riproaringtimes,53.873,60.867
71,recession,50.514,46.953
72,riproaringtimes,53.55,60.927
73,goodtimes,50.699,57.857
74,riproaringtimes,55.835,65.18
75,goodtimes,54.443,47.149
76,goodtimes,61.197,56.569
77,recession,45.666,43.189
78,riproaringtimes,43.965,61.454
79,goodtimes,51.151,52.949
80,goodtimes,49.245,54.027
81,goodtimes,51.792,61.213
82,recession,45.427,49.939
83,riproaringtimes,51.005,72.332
84,recession,41.173,48.208
85,recession,52.395,40.92
86,riproaringtimes,45.336,70.791
87,goodtimes,52.165,57.585
88,recession,42.628,51.989
89,recession,48.508,44.545
90,recession,42.523,43.729
91,recession,47.291,42.953
92,goodtimes,59.915,57.215
93,goodtimes,60.19,57.019
94,goodtimes,49.9,55.651
95,recession,47.244,48.245
96,recession,46.838,53.827
97,riproaringtimes,41.957,62.382
98,goodtimes,58.402,56.811
99,recession,46.775,39.752
100,goodtimes,51.06,54.591
101,riproaringtimes,43.343,68.28
102,goodtimes,53.326,60.048
103,recession,46.401,45.735
104,riproaringtimes,53.293,66.126
105,riproaringtimes,49.622,62.085
106,riproaringtimes,40.743,64.617
107,goodtimes,51.372,47.964
108,riproaringtimes,45.622,68.425
109,riproaringtimes,59.954,63.616
110,riproaringtimes,52.059,57.947
111,recession,46.918,50.464
112,recession,46.84,47.692
113,goodtimes,50.9,57.608
114,riproaringtimes,46.839,69.158
115,recession,41.809,39.707
116,recession,55.572,40.734
117,recession,52.987,38.966
118,goodtimes,53.496,48.914
119,riproaringtimes,50.09,67.881
120,riproaringtimes,48.374,60.478
121,riproaringtimes,49.848,58.727
122,goodtimes,60.802,60.05
123,riproaringtimes,51.873,62.674
124,recession,45.843,45.034
125,riproaringtimes,44.781,75.762
126,goodtimes,53.621,50.731
127,riproaringtimes,50.411,60.05
128,recession,49.0,42.95
129,recession,43.151,45.187
130,recession,49.716,44.218
131,goodtimes,49.546,47.258
132,goodtimes,51.833,51.643
133,goodtimes,50.266,60.625
134,goodtimes,54.206,52.901
135,recession,47.023,49.929
136,riproaringtimes,48.624,61.118
137,goodtimes,50.592,57.858
138,recession,40.651,49.556
139,riproaringtimes,49.775,62.498
140,recession,42.732,50.605
141,recession,51.367,50.436
142,goodtimes,57.338,53.257
143,goodtimes,52.078,54.598
144,goodtimes,63.17,63.452
145,goodtimes,54.898,57.68
146,riproaringtimes,47.845,62.637
147,riproaringtimes,54.865,70.758
148,recession,42.079,44.48
149,riproaringtimes,60.093,63.361
150,riproaringtimes,46.847,65.205
151,recession,47.17,49.359
152,goodtimes,49.22,51.301
153,riproaringtimes,52.92,66.194
154,recession,40.917,55.265
155,goodtimes,42.769,52.863
156,riproaringtimes,59.196,68.081
157,recession,48.097,46.932
158,riproaringtimes,58.576,68.988
159,riproaringtimes,48.084,58.665
160,goodtimes,46.817,54.051
161,recession,51.442,47.074
162,recession,38.235,39.271
163,riproaringtimes,54.919,65.138
164,riproaringtimes,49.478,59.746
165,goodtimes,61.713,51.028
166,riproaringtimes,52.784,70.871
167,recession,41.869,44.21
168,riproaringtimes,48.516,77.414
169,recession,41.807,39.902
170,riproaringtimes,52.529,61.319
171,recession,48.862,47.548
172,riproaringtimes,55.555,62.572
173,recession,39.354,48.589
174,goodtimes,48.203,53.49
175,recession,41.754,49.469
176,riproaringtimes,50.403,57.877
177,riproaringtimes,55.664,69.766
178,goodtimes,47.839,58.27
179,goodtimes,52.787,55.612
180,riproaringtimes,54.751,66.362
181,riproaringtimes,47.128,58.981
182,riproaringtimes,53.115,72.647
183,recession,49.514,42.513
184,riproaringtimes,53.756,69.131
185,goodtimes,54.89,55.826
186,riproaringtimes,49.082,64.126
187,recession,38.179,39.792
188,goodtimes,55.479,57.368
189,goodtimes,61.171,56.023
190,riproaringtimes,43.589,56.944
191,recession,45.017,51.945
192,goodtimes,56.773,54.621
193,goodtimes,65.975,53.573
194,riproaringtimes,50.844,64.08
195,riproaringtimes,60.242,63.946
196,recession,48.431,37.981
197,goodtimes,58.219,58.677
198,recession,30.875,44.484
199,recession,40.103,47.622
200,goodtimes,58.833,55.782
201,goodtimes,59.289,57.034
202,recession,43.401,50.572
203,goodtimes,47.421,56.365
204,goodtimes,51.77,58.526
205,riproaringtimes,54.154,59.409
206,goodtimes,52.941,56.948
207,recession,47.326,45.82
208,recession,38.179,42.28
209,riproaringtimes,54.207,66.49
210,goodtimes,58.034,51.368
211,recession,46.469,47.654
212,goodtimes,55.914,57.551
213,goodtimes,56.109,55.268
214,goodtimes,44.49,50.303
215,recession,51.831,50.447
216,recession,42.733,44.718
217,riproaringtimes,39.201,66.553
218,goodtimes,54.245,60.894
219,recession,51.146,49.6
220,riproaringtimes,50.955,58.538
221,recession,53.819,43.027
222,riproaringtimes,44.98,64.169
223,recession,49.343,48.741
224,goodtimes,52.711,54.998
225,riproaringtimes,56.349,62.012
226,goodtimes,52.8,47.646
227,recession,40.767,52.027
228,goodtimes,62.676,50.306
229,riproaringtimes,46.656,74.243
230,goodtimes,50.033,56.18
231,riproaringtimes,45.69,63.702
232,riproaringtimes,49.781,68.123
233,riproaringtimes,56.926,67.953
234,riproaringtimes,40.801,56.037
235,riproaringtimes,57.113,55.853
236,riproaringtimes,58.148,57.472
237,recession,43.896,51.796
238,riproaringtimes,42.18,60.462
239,recession,44.935,43.75
240,goodtimes,56.197,57.186
241,goodtimes,55.666,53.364
242,riproaringtimes,55.309,71.985
243,riproaringtimes,54.125,64.631
244,goodtimes,60.879,50.904
245,goodtimes,56.372,55.205
246,recession,43.887,42.006
247,riproaringtimes,51.243,64.693
248,recession,46.051,42.187
249,goodtimes,51.902,55.326
250,recession,49.631,41.812
251,goodtimes,56.194,53.431
252,riproaringtimes,46.533,63.168
253,goodtimes,55.279,51.576
254,riproaringtimes,52.544,58.881
255,goodtimes,61.681,49.084
256,recession,44.854,47.616
257,riproaringtimes,51.275,59.249
258,goodtimes,54.501,55.357
259,recession,44.426,41.021
260,riproaringtimes,45.075,59.757
261,recession,49.541,41.744
262,riproaringtimes,48.57,66.482
263,recession,48.332,45.663
264,riproaringtimes,47.158,67.72
265,goodtimes,55.578,57.796
266,riproaringtimes,55.42,57.516
267,recession,46.122,48.36
268,riproaringtimes,40.974,67.391
269,recession,53.829,52.64
270,recession,44.041,45.576
271,recession,43.674,45.442
272,goodtimes,42.949,51.029
273,recession,42.127,46.78
274,recession,50.789,42.263
275,recession,43.908,47.686
276,riproaringtimes,51.811,67.254
277,goodtimes,57.036,51.952
278,recession,45.643,46.0
279,goodtimes,44.556,55.194
280,recession,50.997,44.154
281,goodtimes,58.987,58.749
282,goodtimes,64.032,50.17
283,recession,40.853,46.035
284,recession,51.7,43.164
285,recession,45.237,52.137
286,goodtimes,54.514,57.306
287,recession,47.015,46.339
288,recession,39.769,45.1
289,recession,45.881,50.396
290,recession,41.141,44.314
291,riproaringtimes,45.877,67.31
292,riproaringtimes,57.188,60.615
293,recession,44.937,45.633
294,recession,40.706,47.574
295,goodtimes,57.93,52.424
296,recession,40.806,41.74
297,recession,42.444,35.09
298,recession,35.067,42.813
299,goodtimes,65.596,51.742
300,riproaringtimes,42.944,68.588
301,riproaringtimes,50.062,60.732
302,goodtimes,54.579,45.526
303,goodtimes,52.433,59.081
304,goodtimes,54.4,47.972
305,recession,55.494,42.306
306,recession,46.719,38.878
307,goodtimes,48.51,47.569
308,goodtimes,49.666,62.04
309,recession,40.338,47.025
310,riproaringtimes,41.272,62.928
311,riproaringtimes,41.878,61.269
312,recession,44.208,39.23
313,goodtimes,45.88,50.391
314,goodtimes,47.741,56.802
315,recession,49.076,46.536
316,riproaringtimes,45.256,67.355
317,riproaringtimes,47.914,60.794
318,goodtimes,60.804,60.478
319,goodtimes,51.928,54.929
320,recession,48.506,42.249
321,goodtimes,51.617,55.736
322,recession,40.878,41.07
323,riproaringtimes,49.533,59.673
324,recession,39.155,51.681
325,riproaringtimes,53.056,62.228
326,goodtimes,59.259,54.13
327,goodtimes,57.672,53.043
328,recession,45.398,42.772
329,recession,46.71,50.391
330,recession,43.124,38.768
331,recession,48.904,49.588
332,riproaringtimes,51.224,59.285
333,goodtimes,52.077,55.692
334,recession,50.279,46.638
335,goodtimes,55.048,55.635
336,goodtimes,50.994,55.56
337,riproaringtimes,55.95,68.527
338,goodtimes,55.384,54.176
339,goodtimes,50.504,54.237
340,riproaringtimes,49.563,60.751
341,riproaringtimes,51.453,63.068
342,goodtimes,59.279,51.071
343,goodtimes,50.377,55.356
344,recession,43.871,50.634
345,recession,46.291,48.28
346,riproaringtimes,45.407,64.224
347,recession,47.429,44.894
348,riproaringtimes,49.918,68.239
349,goodtimes,49.964,61.005
350,goodtimes,52.183,58.058
351,goodtimes,47.876,56.638
352,recession,50.858,54.181
353,recession,38.607,44.787
354,recession,50.178,40.994
355,recession,41.565,50.384
356,riproaringtimes,50.016,64.379
357,riproaringtimes,48.481,63.285
358,goodtimes,54.149,51.231
359,goodtimes,58.746,57.77
360,riproaringtimes,47.384,65.024
361,riproaringtimes,51.99,64.741
362,recession,43.043,46.805
363,recession,36.422,44.505
364,recession,48.108,41.752
365,recession,44.297,42.037
366,goodtimes,55.788,63.03
367,riproaringtimes,50.236,61.682
368,goodtimes,54.81,54.62
369,riproaringtimes,53.27,66.867
370,recession,40.601,43.027
371,riproaringtimes,56.257,60.687
372,goodtimes,51.645,53.561
373,recession,45.507,44.403
374,goodtimes,50.943,55.382
375,goodtimes,57.326,47.443
376,goodtimes,58.62,62.584
377,riproaringtimes,50.975,65.384
378,riproaringtimes,43.628,62.775
379,riproaringtimes,52.255,72.353
380,recession,49.333,41.252
381,goodtimes,55.094,49.79
382,goodtimes,57.96,54.718
383,goodtimes,51.63,55.676
384,recession,41.947,52.409
385,goodtimes,51.435,61.77
386,goodtimes,58.587,53.713
387,riproaringtimes,55.661,61.303
388,recession,35.739,46.496
389,goodtimes,53.387,60.341
390,recession,44.139,38.666
391,goodtimes,49.892,54.341
392,goodtimes,59.465,55.289
393,recession,41.313,45.048
394,recession,45.08,37.932
395,riproaringtimes,42.416,59.645
396,riproaringtimes,54.733,62.08
397,recession,54.792,44.114
398,goodtimes,54.787,54.492
399,riproaringtimes,51.874,70.105
400,goodtimes,57.484,56.131
401,riproaringtimes,54.276,63.438
402,recession,40.882,53.665
403,goodtimes,58.989,59.667
404,goodtimes,55.786,55.666
405,recession,42.719,48.665
406,recession,51.075,45.802
407,riproaringtimes,54.362,65.462
408,riproaringtimes,53.106,68.07
409,recession,36.751,41.463
410,recession,51.667,51.065
411,riproaringtimes,45.697,66.774
412,riproaringtimes,50.568,71.119
413,goodtimes,62.661,57.216
414,recession,53.694,47.687
415,recession,55.899,43.637
416,recession,39.586,42.798
417,goodtimes,59.943,61.631
418,recession,40.765,51.262
419,riproaringtimes,55.114,65.653
420,recession,52.346,43.362
421,goodtimes,60.37,62.493
422,riproaringtimes,51.827,62.86
423,riproaringtimes,49.325,64.044
424,goodtimes,52.272,54.861
425,recession,38.771,43.724
426,riproaringtimes,44.542,65.636
427,riproaringtimes,49.379,60.357
428,recession,42.373,52.377
429,recession,43.907,43.706
430,recession,48.43,40.775
431,recession,45.68,47.46
432,recession,39.781,45.73
433,recession,34.443,44.499
434,recession,43.329,48.094
435,riproaringtimes,47.662,60.548
436,goodtimes,59.19,52.204
437,riproaringtimes,44.858,67.69
438,recession,46.276,44.711
439,goodtimes,54.756,51.325
440,riproaringtimes,51.15,65.461
441,riproaringtimes,42.836,65.565
442,recession,38.046,42.55
443,riproaringtimes,56.457,63.283
444,goodtimes,46.072,57.172
445,goodtimes,47.725,61.952
446,goodtimes,51.506,54.849
447,riproaringtimes,50.383,70.455
448,riproaringtimes,45.157,60.261
449,goodtimes,51.743,57.282
450,riproaringtimes,38.415,65.462
451,recession,48.624,45.803
452,recession,42.008,40.573
453,riproaringtimes,48.998,64.558
454,riproaringtimes,60.248,64.542
455,recession,40.12,46.13
456,riproaringtimes,49.765,67.469
457,goodtimes,55.973,50.581
458,goodtimes,53.827,63.054
459,riproaringtimes,47.675,69.609
460,goodtimes,52.658,52.522
461,riproaringtimes,52.045,67.941
462,riproaringtimes,50.285,70.573
463,riproaringtimes,54.894,64.383
464,goodtimes,51.279,52.754
465,recession,45.536,51.174
466,recession,42.938,39.812
467,riproaringtimes,38.501,59.605
468,recession,48.169,47.047
469,riproaringtimes,50.597,66.349
470,recession,47.456,45.912
471,goodtimes,63.37,52.463
472,riproaringtimes,46.124,61.881
473,goodtimes,53.704,51.779
474,goodtimes,56.966,55.272
475,riproaringtimes,47.235,64.822
476,goodtimes,59.212,57.976
477,recession,51.361,44.428
478,riproaringtimes,54.769,61.904
479,goodtimes,53.938,56.214
480,recession,44.173,40.754
481,recession,35.263,49.248
482,goodtimes,50.803,53.699
483,recession,37.585,47.539
484,riproaringtimes,53.573,65.162
485,goodtimes,54.853,50.461
486,riproaringtimes,52.792,69.974
487,recession,39.54,45.676
488,goodtimes,58.512,49.561
489,recession,49.818,44.287
490,recession,54.303,50.081
491,riproaringtimes,50.299,64.208
492,riproaringtimes,51.367,62.873
493,goodtimes,54.07,56.71
494,riproaringtimes,50.911,67.455
495,riproaringtimes,56.023,61.582
496,goodtimes,54.234,50.871
497,goodtimes,45.559,64.132
498,riproaringtimes,45.078,58.227
499,goodtimes,64.327,57.453
500,goodtimes,56.041,47.84
501,riproaringtimes,49.896,59.072
502,goodtimes,60.403,60.636
503,riproaringtimes,53.612,59.721
504,riproaringtimes,51.452,57.377
505,goodtimes,61.105,58.542
506,goodtimes,52.255,58.441
507,riproaringtimes,43.796,75.414
508,riproaringtimes,48.376,67.1
509,recession,42.095,48.201
510,recession,47.474,42.224
511,recession,40.519,48.758
512,riproaringtimes,48.504,65.495
513,riproaringtimes,52.487,65.663
514,goodtimes,53.193,55.197
515,recession,47.583,50.968
516,riproaringtimes,47.234,60.559
517,goodtimes,56.567,57.89
518,goodtimes,55.795,52.273
519,recession,42.862,45.964
520,recession,50.305,45.088
521,recession,53.084,33.003
522,goodtimes,61.86,57.254
523,riproaringtimes,52.676,75.73
524,recession,40.564,45.624
525,goodtimes,52.469,55.823
526,goodtimes,52.011,54.053
527,recession,43.002,45.909
528,riproaringtimes,42.591,69.453
529,recession,41.566,55.5
530,riproaringtimes,49.686,55.656
531,recession,45.535,47.524
532,goodtimes,50.963,51.363
533,recession,44.024,38.903
534,riproaringtimes,49.137,62.414
535,riproaringtimes,53.153,67.581
536,goodtimes,56.429,55.52
537,goodtimes,55.363,47.803
538,riproaringtimes,48.209,62.971
539,riproaringtimes,48.017,69.242
540,riproaringtimes,49.668,63.279
541,goodtimes,64.398,53.057
542,riproaringtimes,50.041,63.612
543,recession,43.757,52.205
544,recession,51.034,36.576
545,riproaringtimes,46.095,70.014
546,riproaringtimes,47.77,61.441
547,recession,54.648,47.318
548,riproaringtimes,47.804,67.809
549,riproaringtimes,51.57,63.109
550,riproaringtimes,48.444,65.072
551,goodtimes,49.947,62.388
552,riproaringtimes,51.745,66.159
553,recession,39.219,38.46
554,goodtimes,59.651,57.336
555,goodtimes,58.547,53.015
556,recession,46.372,45.957
557,goodtimes,58.545,57.142
558,riproaringtimes,44.597,65.407
559,goodtimes,61.078,56.32
560,riproaringtimes,50.919,67.945
561,goodtimes,59.863,56.659
562,goodtimes,56.806,53.804
563,recession,42.374,41.64
564,riproaringtimes,48.144,67.07
565,goodtimes,56.065,55.183
566,goodtimes,51.534,50.385
567,riproaringtimes,52.791,59.322
568,goodtimes,55.161,60.73
569,goodtimes,54.544,52.621
570,riproaringtimes,57.172,65.525
571,riproaringtimes,55.025,66.446
572,goodtimes,55.573,50.777
573,recession,44.645,43.242
574,riproaringtimes,42.449,74.631
575,riproaringtimes,48.121,67.594
576,recession,46.399,41.298
577,riproaringtimes,56.475,61.028
578,goodtimes,51.58,47.778
579,goodtimes,52.072,55.086
580,recession,54.844,42.66
581,recession,51.306,41.208
582,riproaringtimes,49.916,64.263
583,riproaringtimes,49.54,70.521
584,recession,46.74,40.251
585,recession,49.329,52.616
586,goodtimes,58.108,68.711
587,riproaringtimes,57.719,66.94
588,riproaringtimes,50.378,71.431
589,riproaringtimes,54.938,70.884
590,recession,46.994,46.567
591,goodtimes,56.452,59.001
592,goodtimes,61.214,50.124
593,goodtimes,52.397,47.596
594,riproaringtimes,46.675,68.752
595,riproaringtimes,51.952,65.643
596,goodtimes,60.322,59.969
597,riproaringtimes,52.153,64.917
598,riproaringtimes,48.836,58.569
599,riproaringtimes,49.471,66.507
600,goodtimes,47.354,59.133
601,goodtimes,51.623,59.681
602,goodtimes,57.122,56.882
603,goodtimes,60.321,47.733
604,riproaringtimes,46.773,68.142
605,riproaringtimes,50.179,73.508
606,goodtimes,52.488,53.745
607,goodtimes,56.73,57.034
608,goodtimes,46.807,49.096
609,riproaringtimes,52.56,63.369
610,goodtimes,50.428,50.855
611,recession,38.717,42.858
612,recession,53.589,47.069
613,recession,42.314,42.793
614,recession,54.283,43.33
615,riproaringtimes,47.744,60.205
616,recession,42.105,44.232
617,recession,40.248,47.358
618,riproaringtimes,46.882,58.318
619,goodtimes,57.176,57.372
620,goodtimes,55.237,43.628
621,goodtimes,63.913,57.796
622,goodtimes,57.98,50.155
623,riproaringtimes,58.344,63.524
624,riproaringtimes,43.498,58.104
625,recession,45.915,31.079
626,recession,46.475,56.377
627,goodtimes,56.869,53.214
628,recession,47.488,45.956
629,goodtimes,56.978,56.463
630,goodtimes,56.793,50.379
631,riproaringtimes,44.217,61.892
632,goodtimes,55.808,45.922
633,goodtimes,55.497,61.679
634,goodtimes,59.724,50.047
635,riproaringtimes,45.687,67.958
636,riproaringtimes,55.628,71.698
637,recession,51.882,33.438
638,riproaringtimes,49.929,68.033
639,goodtimes,50.218,54.205
640,goodtimes,59.642,58.644
641,recession,39.559,46.569
642,goodtimes,64.673,56.373
643,riproaringtimes,55.898,70.135
644,recession,46.016,50.308
645,goodtimes,46.983,57.448
646,riproaringtimes,52.975,70.612
647,goodtimes,62.508,58.033
648,riproaringtimes,53.126,66.674
649,riproaringtimes,46.873,61.161
650,riproaringtimes,42.724,67.824
651,recession,41.37,43.362
652,recession,45.795,45.823
653,riproaringtimes,53.895,63.921
654,goodtimes,56.455,62.398
655,riproaringtimes,45.575,63.062
656,riproaringtimes,55.309,64.709
657,riproaringtimes,46.882,60.65
658,riproaringtimes,48.186,66.437
659,riproaringtimes,52.313,64.859
660,recession,46.54,42.193
661,riproaringtimes,48.385,74.858
662,goodtimes,57.446,51.297
663,riproaringtimes,52.918,71.433
664,riproaringtimes,53.709,66.235
665,recession,51.422,41.8
666,goodtimes,46.704,51.267
667,goodtimes,51.156,55.785
668,recession,45.091,43.654
669,riproaringtimes,54.707,64.253
670,riproaringtimes,47.954,72.271
671,recession,47.771,44.967
672,recession,46.776,43.902
673,riproaringtimes,48.723,72.193
674,recession,45.246,44.945
675,recession,45.045,49.207
676,recession,43.375,48.187
677,riproaringtimes,53.033,71.27
678,recession,47.785,48.92
679,recession,49.991,48.103
680,goodtimes,55.006,55.274
681,recession,48.756,43.005
682,goodtimes,44.125,56.56
683,riproaringtimes,40.666,63.491
684,goodtimes,57.677,54.333
685,riproaringtimes,52.511,67.554
686,riproaringtimes,52.149,62.398
687,goodtimes,52.71,64.357
688,riproaringtimes,59.864,62.056
689,riproaringtimes,54.95,50.617
690,goodtimes,49.205,52.622
691,riproaringtimes,52.548,64.78
692,recession,32.921,45.064
693,goodtimes,52.294,57.617
694,riproaringtimes,47.633,61.488
695,goodtimes,49.991,50.839
696,goodtimes,54.831,57.47
697,goodtimes,51.973,49.872
698,riproaringtimes,55.293,63.279
699,riproaringtimes,45.008,63.742
700,goodtimes,51.634,55.85
701,riproaringtimes,43.401,65.364
702,recession,40.161,46.479
703,goodtimes,53.267,64.958
704,recession,50.738,42.442
705,riproaringtimes,47.262,62.201
706,goodtimes,55.66,55.616
707,riproaringtimes,49.551,67.575
708,recession,51.995,43.331
709,riproaringtimes,54.319,62.204
710,riproaringtimes,51.415,68.98
711,recession,42.678,40.562
712,recession,44.869,54.608
713,riproaringtimes,51.805,72.821
714,riproaringtimes,50.656,74.158
715,riproaringtimes,52.301,65.22
716,riproaringtimes,47.7,68.344
717,recession,43.969,47.477
718,recession,45.342,41.089
719,recession,39.683,46.126
720,goodtimes,56.516,52.18
721,goodtimes,59.52,60.609
722,riproaringtimes,52.624,67.164
723,goodtimes,61.517,56.718
724,goodtimes,59.1,54.39
725,recession,45.382,48.903
726,riproaringtimes,48.502,67.732
727,riproaringtimes,54.267,57.668
728,riproaringtimes,48.709,66.784
729,riproaringtimes,46.762,66.766
730,riproaringtimes,49.56,69.609
731,goodtimes,56.281,54.749
732,riproaringtimes,55.03,66.986
733,riproaringtimes,49.59,59.295
734,goodtimes,55.633,52.727
735,recession,37.233,47.263
736,riproaringtimes,49.747,70.394
737,goodtimes,54.017,58.614
738,goodtimes,53.485,59.957
739,riproaringtimes,52.827,65.881
740,recession,49.42,42.178
741,recession,45.808,40.147
742,riproaringtimes,63.672,67.865
743,goodtimes,49.685,56.366
744,riproaringtimes,48.042,66.993
745,goodtimes,50.704,55.104
746,recession,43.751,43.202
747,riproaringtimes,48.283,69.197
748,recession,41.514,46.612
749,riproaringtimes,45.181,57.921
750,recession,46.724,39.31
751,riproaringtimes,46.986,69.969
752,recession,54.171,54.036
753,recession,48.424,43.414
754,riproaringtimes,47.223,71.386
755,recession,37.502,37.07
756,goodtimes,57.702,56.888
757,recession,44.37,38.563
758,goodtimes,61.992,58.385
759,recession,47.938,48.533
760,riproaringtimes,44.334,60.703
761,goodtimes,61.087,67.595
762,recession,47.872,46.807
763,riproaringtimes,47.439,68.218
764,riproaringtimes,52.799,70.576
765,riproaringtimes,58.181,66.392
766,recession,42.012,43.942
767,riproaringtimes,49.122,61.797
768,riproaringtimes,54.953,70.235
769,recession,51.861,45.231
770,recession,51.615,54.289
771,riproaringtimes,51.981,66.31
772,riproaringtimes,47.691,63.878
773,goodtimes,53.062,57.624
774,goodtimes,55.048,57.269
775,recession,42.275,43.299
776,goodtimes,51.506,54.422
777,recession,49.268,44.15
778,recession,50.625,46.33
779,goodtimes,58.683,54.328
780,goodtimes,53.628,55.01
781,goodtimes,59.19,63.77
782,recession,52.091,49.851
783,recession,43.244,42.118
784,riproaringtimes,58.391,64.035
785,goodtimes,62.537,56.247
786,recession,50.455,48.55
787,riproaringtimes,48.706,75.622
788,goodtimes,58.604,59.903
789,recession,47.647,40.785
790,recession,39.387,41.014
791,goodtimes,56.117,55.998
792,riproaringtimes,44.657,61.825
793,goodtimes,54.424,49.808
794,goodtimes,52.588,52.739
795,goodtimes,58.309,64.664
796,recession,44.592,55.601
797,goodtimes,53.605,58.761
798,riproaringtimes,48.505,64.294
799,riproaringtimes,47.502,62.936
800,recession,47.653,39.41
801,recession,46.336,46.43
802,goodtimes,60.875,55.478
803,recession,46.169,43.7
804,recession,42.914,44.799
805,goodtimes,52.691,54.104
806,recession,47.148,49.426
807,goodtimes,51.008,54.112
808,recession,40.938,40.263
809,goodtimes,53.558,62.358
810,goodtimes,60.057,57.877
811,recession,48.159,45.284
812,riproaringtimes,54.438,60.006
813,goodtimes,56.088,50.865
814,riproaringtimes,47.959,74.489
815,goodtimes,62.397,51.308
816,recession,37.704,45.196
817,recession,39.197,43.946
818,riproaringtimes,50.161,57.32
819,recession,49.319,44.602
820,goodtimes,59.776,53.866
821,riproaringtimes,48.346,65.845
822,riproaringtimes,53.827,61.683
823,goodtimes,52.155,57.579
824,recession,44.822,46.735
825,riproaringtimes,55.977,66.915
826,goodtimes,52.381,60.882
827,riproaringtimes,52.192,67.693
828,recession,56.415,51.08
829,recession,44.18,45.815
830,riproaringtimes,51.469,62.994
831,recession,47.943,40.337
832,goodtimes,50.512,55.87
833,goodtimes,56.165,53.152
834,riproaringtimes,47.731,77.17
835,riproaringtimes,45.507,65.25
836,goodtimes,56.95,46.72
837,recession,48.151,45.251
838,recession,48.395,46.302
839,riproaringtimes,50.692,59.75
840,riproaringtimes,53.2,67.457
841,recession,48.141,41.618
842,goodtimes,63.979,47.235
843,recession,39.774,46.028
844,riproaringtimes,51.504,67.77
845,goodtimes,54.089,61.581
846,goodtimes,49.12,53.123
847,recession,41.709,46.048
848,recession,46.529,41.026
849,goodtimes,56.404,58.849
850,riproaringtimes,41.879,59.102
851,riproaringtimes,49.216,64.716
852,riproaringtimes,48.292,59.455
853,recession,40.286,56.559
854,goodtimes,57.725,53.442
855,recession,49.181,48.078
856,riproaringtimes,51.728,72.644
857,recession,42.342,50.246
858,recession,40.406,41.06
859,riproaringtimes,51.313,69.299
860,recession,43.824,40.38
861,riproaringtimes,49.47,73.715
862,recession,51.283,43.57
863,recession,41.047,41.312
864,recession,48.016,43.064
865,riproaringtimes,49.946,67.447
866,riproaringtimes,47.812,68.144
867,recession,44.06,44.841
868,riproaringtimes,55.768,67.864
869,recession,42.011,51.535
870,recession,41.017,48.971
871,riproaringtimes,51.986,66.356
872,recession,39.686,42.629
873,goodtimes,49.647,58.279
874,riproaringtimes,55.484,66.116
875,recession,47.998,43.287
876,riproaringtimes,48.331,69.994
877,recession,41.437,50.109
878,recession,41.57,44.019
879,goodtimes,51.811,61.495
880,recession,41.645,40.546
881,recession,47.529,47.3
882,goodtimes,56.824,59.034
883,recession,48.613,37.747
884,riproaringtimes,46.005,61.909
885,goodtimes,62.091,51.58
886,riproaringtimes,51.577,61.975
887,riproaringtimes,49.629,64.557
888,riproaringtimes,47.808,64.117
889,goodtimes,58.92,52.034
890,recession,38.525,52.014
891,riproaringtimes,52.075,64.743
892,riproaringtimes,48.54,66.138
893,riproaringtimes,47.189,61.59
894,goodtimes,59.134,62.147
895,riproaringtimes,53.353,61.556
896,recession,43.095,37.337
897,recession,41.909,56.608
898,recession,42.276,38.242
899,riproaringtimes,50.269,64.377
900,recession,44.451,42.027
901,riproaringtimes,48.629,64.718
902,riproaringtimes,44.427,61.71
903,goodtimes,58.169,59.894
904,recession,47.172,42.743
905,recession,46.455,43.025
906,goodtimes,48.793,60.397
907,goodtimes,52.624,54.749
908,riproaringtimes,55.889,71.688
909,goodtimes,52.259,58.795
910,recession,40.793,42.165
911,goodtimes,58.191,47.783
912,goodtimes,52.996,55.997
913,riproaringtimes,43.357,68.395
914,recession,35.824,39.896
915,goodtimes,56.15,59.113
916,riproaringtimes,56.907,62.485
917,riproaringtimes,47.835,71.261
918,riproaringtimes,49.628,69.319
919,riproaringtimes,50.13,65.375
920,goodtimes,58.935,60.543
921,goodtimes,53.5,54.974
922,goodtimes,55.591,58.162
923,riproaringtimes,48.549,71.599
924,goodtimes,54.383,54.805
925,goodtimes,52.073,57.269
926,goodtimes,53.927,53.068
927,riproaringtimes,48.469,66.819
928,goodtimes,54.176,54.563
929,goodtimes,57.343,64.182
930,riproaringtimes,45.166,58.961
931,riproaringtimes,50.688,68.709
932,riproaringtimes,55.278,73.606
933,goodtimes,51.617,58.15
934,goodtimes,55.338,53.246
935,riproaringtimes,52.331,66.898
936,recession,47.397,44.905
937,goodtimes,55.242,54.126
938,riproaringtimes,56.185,64.691
939,recession,46.363,42.667
940,recession,45.219,50.669
941,recession,44.076,43.512
942,goodtimes,52.993,48.451
943,goodtimes,68.004,57.471
944,riproaringtimes,55.625,61.323
945,riproaringtimes,57.443,69.624
946,recession,47.493,45.172
947,riproaringtimes,46.414,65.682
948,riproaringtimes,46.477,66.272
949,goodtimes,51.185,58.125
950,recession,44.319,45.764
951,goodtimes,53.73,55.505
952,goodtimes,61.932,53.285
953,recession,37.566,44.382
954,goodtimes,50.635,53.479
955,recession,39.936,48.53
956,recession,48.94,45.221
957,riproaringtimes,48.524,63.461
958,goodtimes,48.19,61.654
959,recession,46.918,44.15
960,recession,38.713,48.676
961,goodtimes,54.704,55.291
962,recession,49.33,48.51
963,riproaringtimes,46.047,66.186
964,riproaringtimes,51.779,65.099
965,riproaringtimes,47.968,62.64
966,goodtimes,56.527,59.735
967,goodtimes,53.599,54.092
968,recession,41.366,46.522
969,recession,38.805,46.821
970,riproaringtimes,48.144,60.338
971,riproaringtimes,51.614,62.622
972,recession,42.227,43.482
973,goodtimes,54.034,55.588
974,goodtimes,54.53,52.845
975,riproaringtimes,43.623,68.692
976,recession,47.323,51.14
977,riproaringtimes,48.881,59.174
978,riproaringtimes,47.491,60.232
979,riproaringtimes,43.299,70.724
980,riproaringtimes,54.43,66.856
981,goodtimes,54.274,65.099
982,goodtimes,54.78,59.557
983,goodtimes,50.552,59.177
984,goodtimes,59.464,52.447
985,riproaringtimes,56.575,65.009
986,goodtimes,60.095,55.673
987,goodtimes,54.932,51.186
988,riproaringtimes,53.667,65.911
989,goodtimes,48.34,55.338
990,riproaringtimes,56.085,71.587
991,riproaringtimes,42.563,72.147
992,riproaringtimes,50.144,62.953
993,goodtimes,46.143,58.407
994,recession,36.029,49.574
995,recession,50.507,42.626
996,riproaringtimes,49.926,63.316
997,riproaringtimes,47.978,63.459
998,recession,49.836,43.217
999,recession,45.729,40.929
1000,recession,45.91,48.383
1001,riproaringtimes,55.808,61.702
1002,recession,47.513,44.019
1003,recession,45.264,48.494
1004,goodtimes,58.814,52.934
1005,riproaringtimes,42.374,67.912
1006,goodtimes,59.372,58.94
1007,riproaringtimes,59.676,61.271
1008,riproaringtimes,49.485,64.585
1009,riproaringtimes,53.132,60.259
1010,recession,41.796,42.805
1011,recession,41.767,35.939
1012,riproaringtimes,52.932,66.594
1013,recession,45.287,40.609
1014,recession,43.652,44.469
1015,riproaringtimes,43.636,61.714
1016,goodtimes,63.493,56.425
1017,riproaringtimes,47.436,66.695
1018,recession,47.588,39.978
1019,riproaringtimes,48.542,67.252
1020,riproaringtimes,45.898,67.939
1021,goodtimes,54.31,50.539
1022,recession,45.241,41.919
1023,goodtimes,51.239,52.821
1024,recession,35.098,46.122
1025,riproaringtimes,53.386,68.091
1026,recession,44.096,47.829
1027,goodtimes,55.915,53.145
1028,riproaringtimes,48.234,65.51
1029,recession,48.23,43.257
1030,goodtimes,52.971,54.182
1031,recession,44.352,43.502
1032,riproaringtimes,46.537,67.286
1033,goodtimes,56.615,52.254
1034,recession,54.243,33.154
1035,goodtimes,56.539,48.944
1036,riproaringtimes,50.68,65.176
1037,riproaringtimes,48.887,69.859
1038,riproaringtimes,52.927,73.482
1039,goodtimes,56.351,50.308
1040,goodtimes,57.358,48.828
1041,recession,42.419,47.059
1042,recession,47.594,45.252
1043,riproaringtimes,48.8,63.504
1044,goodtimes,49.593,57.697
1045,goodtimes,56.877,52.211
1046,goodtimes,55.271,52.136
1047,recession,40.102,47.374
1048,goodtimes,57.013,54.735
1049,goodtimes,61.709,44.637
1050,riproaringtimes,42.104,65.952
1051,goodtimes,59.191,58.615
1052,goodtimes,52.319,59.482
1053,goodtimes,53.908,51.831
1054,recession,47.418,35.656
1055,goodtimes,49.633,57.261
1056,goodtimes,59.237,56.022
1057,goodtimes,46.369,51.182
1058,goodtimes,51.386,51.756
1059,recession,44.304,39.716
1060,riproaringtimes,43.995,70.497
1061,recession,51.709,41.411
1062,recession,47.351,46.815
1063,riproaringtimes,51.87,58.348
1064,riproaringtimes,48.798,63.861
1065,riproaringtimes,52.724,65.071
1066,recession,44.322,46.468
1067,recession,45.916,48.776
1068,goodtimes,56.548,53.406
1069,recession,49.785,52.758
1070,recession,53.288,42.354
1071,goodtimes,55.888,53.767
1072,recession,44.266,49.244
1073,riproaringtimes,52.429,64.497
1074,recession,48.071,46.276
1075,goodtimes,54.038,62.213
1076,riproaringtimes,53.313,69.106
1077,riproaringtimes,48.307,61.766
1078,riproaringtimes,49.182,58.998
1079,riproaringtimes,47.488,64.508
1080,riproaringtimes,41.034,66.426
1081,riproaringtimes,56.026,69.548
1082,riproaringtimes,51.882,63.995
1083,recession,49.569,42.19
1084,riproaringtimes,52.522,65.813
1085,recession,50.348,52.088
1086,riproaringtimes,53.177,68.504
1087,recession,43.018,40.776
1088,riproaringtimes,52.009,63.489
1089,riproaringtimes,51.532,65.949
1090,goodtimes,45.33,48.197
1091,recession,40.016,46.422
1092,recession,37.159,50.253
1093,goodtimes,56.516,53.952
1094,riproaringtimes,50.162,65.577
1095,goodtimes,49.124,47.919
1096,riproaringtimes,57.176,69.396
1097,recession,49.008,40.103
1098,goodtimes,55.01,57.549
1099,goodtimes,49.864,47.972
1100,riproaringtimes,49.357,60.015
1101,riproaringtimes,46.209,64.004
1102,recession,43.205,43.115
1103,goodtimes,52.824,56.327
1104,goodtimes,54.62,56.417
1105,riproaringtimes,44.711,65.895
1106,goodtimes,52.972,51.575
1107,recession,49.521,40.37
1108,goodtimes,53.399,53.691
1109,riproaringtimes,47.446,60.567
1110,recession,34.903,47.666
1111,recession,45.296,45.713
1112,recession,44.17,45.828
1113,goodtimes,52.698,53.944
1114,riproaringtimes,47.969,73.271
1115,goodtimes,53.464,54.086
1116,goodtimes,53.215,51.892
1117,riproaringtimes,49.816,67.746
1118,recession,51.166,48.615
1119,recession,41.146,43.271
1120,goodtimes,54.8,55.014
1121,riproaringtimes,44.027,68.212
1122,riproaringtimes,52.376,66.376
1123,recession,49.196,43.731
1124,riproaringtimes,45.714,61.059
1125,riproaringtimes,46.744,61.685
1126,goodtimes,58.917,47.195
1127,riproaringtimes,40.97,66.237
1128,recession,41.805,47.263
1129,goodtimes,60.008,52.382
1130,recession,42.294,42.965
1131,recession,43.516,38.254
1132,recession,50.543,43.382
1133,goodtimes,57.569,45.288
1134,goodtimes,59.473,60.359
1135,recession,42.712,43.995
1136,goodtimes,57.245,58.821
1137,recession,38.685,37.743
1138,riproaringtimes,52.178,74.198
1139,riproaringtimes,43.866,68.077
1140,riproaringtimes,50.056,75.589
1141,goodtimes,63.586,53.635
1142,recession,36.489,41.793
1143,recession,41.997,43.819
1144,riproaringtimes,53.628,56.968
1145,goodtimes,51.778,53.025
1146,riproaringtimes,55.24,60.779
1147,riproaringtimes,55.485,65.699
1148,riproaringtimes,48.312,64.763
1149,goodtimes,55.787,49.447
1150,goodtimes,50.884,53.485
1151,riproaringtimes,52.47,62.87
1152,goodtimes,51.021,61.928
1153,riproaringtimes,54.398,69.279
1154,goodtimes,49.069,55.85
1155,riproaringtimes,50.016,62.86
1156,recession,45.236,40.129
1157,goodtimes,55.405,53.432
1158,recession,49.862,51.816
1159,goodtimes,56.78,58.057
1160,recession,40.389,39.737
1161,goodtimes,61.849,54.329
1162,riproaringtimes,40.947,67.818
1163,riproaringtimes,49.034,68.831
1164,goodtimes,57.312,53.569
1165,recession,44.261,41.637
1166,goodtimes,58.022,59.022
1167,recession,50.231,47.334
1168,recession,49.18,40.99
1169,recession,43.69,41.498
1170,recession,52.372,49.701
1171,recession,41.278,45.35
1172,goodtimes,53.391,57.22
1173,goodtimes,55.148,49.669
1174,riproaringtimes,47.36,60.043
1175,goodtimes,55.175,53.447
1176,riproaringtimes,50.484,65.817
1177,recession,40.209,50.805
1178,goodtimes,56.27,56.136
1179,goodtimes,51.774,53.129
1180,recession,54.997,40.294
1181,recession,43.979,45.258
1182,riproaringtimes,49.028,63.629
1183,goodtimes,51.353,49.596
1184,riproaringtimes,43.247,68.495
1185,goodtimes,59.917,51.143
1186,riproaringtimes,54.531,69.709
1187,goodtimes,49.8,64.054
1188,goodtimes,69.087,52.421
1189,riproaringtimes,48.697,69.845
1190,riproaringtimes,47.703,60.258
1191,riproaringtimes,52.123,66.091
1192,recession,49.97,52.572
1193,recession,45.689,54.623
1194,goodtimes,52.876,53.253
1195,recession,45.885,37.401
1196,riproaringtimes,53.471,64.92
1197,goodtimes,58.775,52.177
1198,goodtimes,62.678,60.419
1199,goodtimes,53.807,51.606
1200,goodtimes,51.91,51.753
1201,riproaringtimes,33.88,70.765
1202,goodtimes,47.016,52.843
1203,riproaringtimes,61.514,60.824
1204,recession,36.754,47.442
1205,goodtimes,46.188,49.78
1206,recession,43.859,48.243
1207,recession,45.581,36.708
1208,riproaringtimes,49.462,70.512
1209,riproaringtimes,42.088,68.956
1210,recession,46.867,39.501
1211,riproaringtimes,44.562,65.4
1212,goodtimes,58.622,55.785
1213,goodtimes,55.467,47.932
1214,goodtimes,52.697,59.965
1215,goodtimes,56.251,46.617
1216,recession,44.418,47.28
1217,goodtimes,54.255,50.046
1218,recession,46.677,45.952
1219,goodtimes,49.263,51.621
1220,recession,47.307,41.23
1221,riproaringtimes,50.954,66.136
1222,recession,39.728,46.555
1223,recession,47.629,47.229
1224,goodtimes,52.145,56.25
1225,riproaringtimes,48.388,66.361
1226,riproaringtimes,44.976,62.137
1227,riproaringtimes,45.888,63.645
1228,goodtimes,56.736,46.549
1229,recession,41.914,55.277
1230,riproaringtimes,54.846,66.319
1231,riproaringtimes,56.398,67.117
1232,recession,47.226,49.903
1233,goodtimes,57.41,48.448
1234,goodtimes,54.855,55.059
1235,riproaringtimes,44.127,67.278
1236,goodtimes,61.46,60.153
1237,recession,38.513,50.0
1238,recession,38.142,53.416
1239,goodtimes,61.686,57.09
1240,goodtimes,55.147,56.502
1241,goodtimes,62.577,58.448
1242,goodtimes,53.74,48.343
1243,recession,51.05,42.696
1244,recession,44.909,44.565
1245,goodtimes,54.243,53.532
1246,recession,44.048,36.857
1247,riproaringtimes,49.302,66.532
1248,recession,46.645,45.747
1249,riproaringtimes,47.873,62.608
1250,riproaringtimes,52.353,65.906
1251,riproaringtimes,52.541,67.957
1252,recession,35.678,42.386
1253,riproaringtimes,52.407,61.069
1254,recession,48.372,51.713
1255,recession,59.65,48.605
1256,riproaringtimes,51.807,60.18
1257,riproaringtimes,51.238,68.292
1258,recession,42.262,47.079
1259,riproaringtimes,48.496,64.138
1260,riproaringtimes,55.96,75.676
1261,recession,44.502,43.008
1262,recession,45.304,40.68
1263,goodtimes,43.671,51.731
1264,goodtimes,57.461,52.386
1265,goodtimes,52.843,58.641
1266,riproaringtimes,53.157,66.986
1267,recession,47.932,47.054
1268,riproaringtimes,53.769,64.883
1269,goodtimes,52.378,53.33
1270,goodtimes,50.228,56.728
1271,goodtimes,50.245,55.857
1272,recession,47.116,46.521
1273,recession,42.768,45.267
1274,riproaringtimes,51.126,61.504
1275,goodtimes,57.992,52.299
1276,recession,44.739,45.352
1277,riproaringtimes,49.614,64.009
1278,recession,43.367,45.156
1279,goodtimes,58.913,59.616
1280,goodtimes,49.591,53.076
1281,goodtimes,55.746,46.426
1282,riproaringtimes,49.308,60.523
1283,recession,40.465,46.368
1284,recession,42.732,47.895
1285,goodtimes,59.84,55.181
1286,riproaringtimes,50.534,60.847
1287,riproaringtimes,44.996,69.176
1288,recession,40.364,42.691
1289,riproaringtimes,52.686,63.387
1290,riproaringtimes,60.848,66.547
1291,goodtimes,67.166,58.729
1292,recession,41.507,43.101
1293,goodtimes,61.27,50.938
1294,goodtimes,54.403,58.679
1295,riproaringtimes,51.956,68.488
1296,goodtimes,58.202,56.057
1297,goodtimes,56.923,58.686
1298,recession,46.34,46.684
1299,recession,46.798,50.704
1300,riproaringtimes,47.273,62.195
1301,goodtimes,52.083,57.87
1302,goodtimes,56.731,55.25
1303,goodtimes,56.293,49.221
1304,goodtimes,57.458,61.846
1305,goodtimes,52.167,44.636
1306,goodtimes,58.024,55.878
1307,recession,50.178,50.876
1308,recession,46.661,49.796
1309,recession,36.696,37.111
1310,riproaringtimes,51.611,62.013
1311,riproaringtimes,59.749,69.505
1312,riproaringtimes,50.265,64.088
1313,recession,34.64,46.065
1314,riproaringtimes,49.223,65.851
1315,recession,55.331,42.55
1316,goodtimes,54.027,49.181
1317,goodtimes,48.718,56.685
1318,goodtimes,65.345,54.979
1319,goodtimes,48.625,54.827
1320,recession,47.498,46.589
1321,recession,42.034,37.469
1322,recession,39.484,45.41
1323,goodtimes,53.718,61.448
1324,riproaringtimes,42.323,62.252
1325,goodtimes,59.572,60.027
1326,recession,38.614,42.673
1327,recession,49.648,47.172
1328,recession,44.62,41.599
1329,goodtimes,48.377,59.638
1330,recession,38.572,46.762
1331,recession,39.92,46.835
1332,goodtimes,43.13,51.006
1333,riproaringtimes,51.481,65.805
1334,riproaringtimes,52.03,67.189
1335,recession,40.991,36.401
1336,riproaringtimes,49.228,70.41
1337,goodtimes,49.896,50.458
1338,recession,46.349,47.824
1339,recession,33.55,49.897
1340,recession,41.531,54.001
1341,goodtimes,56.385,56.568
1342,riproaringtimes,52.723,68.668
1343,recession,45.212,43.494
1344,goodtimes,51.987,50.654
1345,goodtimes,59.041,52.732
1346,goodtimes,58.973,58.068
1347,goodtimes,60.406,58.2
1348,goodtimes,53.793,55.03
1349,goodtimes,46.279,56.99
1350,goodtimes,56.927,49.974
1351,goodtimes,54.819,53.803
1352,recession,51.502,42.642
1353,goodtimes,52.211,56.984
1354,goodtimes,56.7,58.731
1355,recession,44.612,37.032
1356,goodtimes,54.107,63.724
1357,recession,44.171,48.445
1358,riproaringtimes,46.226,58.283
1359,recession,45.448,45.546
1360,recession,45.036,47.05
1361,goodtimes,54.736,57.856
1362,recession,42.621,45.801
1363,riproaringtimes,54.78,66.358
1364,riproaringtimes,49.347,66.11
1365,goodtimes,56.604,55.479
1366,riproaringtimes,51.042,66.288
1367,riproaringtimes,46.645,64.998
1368,goodtimes,56.56,56.266
1369,riproaringtimes,54.499,66.862
1370,recession,35.879,42.899
1371,goodtimes,56.224,68.068
1372,riproaringtimes,54.254,57.012
1373,goodtimes,50.454,53.924
1374,riproaringtimes,52.991,68.129
1375,goodtimes,51.548,59.838
1376,goodtimes,52.827,44.854
1377,recession,44.027,49.225
1378,riproaringtimes,43.336,64.446
1379,recession,42.526,40.712
1380,goodtimes,55.017,53.83
1381,goodtimes,59.24,60.607
1382,goodtimes,49.581,53.557
1383,riproaringtimes,39.572,70.203
1384,recession,44.331,51.361
1385,recession,45.014,43.875
1386,recession,46.031,44.843
1387,goodtimes,67.025,55.631
1388,recession,36.073,39.864
1389,goodtimes,47.077,55.418
1390,recession,43.423,44.351
1391,goodtimes,43.78,58.443
1392,goodtimes,52.428,51.505
1393,goodtimes,52.785,46.998
1394,goodtimes,47.648,57.005
1395,riproaringtimes,56.999,66.529
1396,goodtimes,55.847,48.986
1397,riproaringtimes,47.211,65.725
1398,goodtimes,49.772,57.887
1399,goodtimes,54.933,55.474
1400,riproaringtimes,46.82,64.77
1401,recession,45.615,59.973
1402,recession,49.595,42.316
1403,recession,44.173,43.847
1404,riproaringtimes,49.41,67.842
1405,riproaringtimes,51.709,53.834
1406,goodtimes,64.434,51.043
1407,riproaringtimes,50.301,68.509
1408,riproaringtimes,53.799,60.201
1409,goodtimes,50.086,66.415
1410,recession,41.732,42.375
1411,riproaringtimes,46.841,69.972
1412,riproaringtimes,50.101,68.692
1413,goodtimes,58.786,53.853
1414,goodtimes,60.583,57.566
1415,goodtimes,56.691,56.932
1416,riproaringtimes,55.349,70.751
1417,goodtimes,52.385,52.939
1418,riproaringtimes,47.423,56.595
1419,recession,38.567,46.583
1420,recession,42.694,46.12
1421,goodtimes,52.298,55.753
1422,riproaringtimes,42.523,68.951
1423,goodtimes,58.051,56.8
1424,riproaringtimes,59.085,63.277
1425,riproaringtimes,47.87,65.026
1426,recession,52.956,46.259
1427,riproaringtimes,48.236,63.653
1428,recession,49.649,50.774
1429,recession,51.373,42.173
1430,riproaringtimes,49.055,65.273
1431,riproaringtimes,43.758,64.227
1432,riproaringtimes,54.591,61.719
1433,recession,47.998,48.163
1434,goodtimes,58.433,55.66
1435,recession,51.143,48.904
1436,recession,46.804,51.675
1437,riproaringtimes,60.165,63.93
1438,goodtimes,51.481,54.924
1439,goodtimes,53.884,57.883
1440,goodtimes,54.498,56.233
1441,riproaringtimes,52.399,61.722
1442,goodtimes,52.686,58.533
1443,riproaringtimes,50.761,64.042
1444,riproaringtimes,54.917,65.408
1445,recession,44.36,41.988
1446,goodtimes,54.461,52.403
1447,goodtimes,53.353,55.935
1448,recession,38.906,50.079
1449,recession,42.465,46.572
1450,goodtimes,63.309,57.766
1451,goodtimes,53.651,47.883
1452,goodtimes,52.861,56.057
1453,goodtimes,51.225,57.292
1454,goodtimes,62.401,60.422
1455,riproaringtimes,51.341,66.293
1456,goodtimes,58.156,52.975
1457,recession,42.501,50.432
1458,goodtimes,61.706,52.959
1459,riproaringtimes,42.73,64.425
1460,riproaringtimes,51.196,55.667
1461,goodtimes,60.264,56.558
1462,goodtimes,57.122,49.831
1463,riproaringtimes,48.284,68.784
1464,recession,42.937,40.925
1465,riproaringtimes,48.528,64.638
1466,goodtimes,61.789,55.513
1467,riproaringtimes,50.178,67.252
1468,goodtimes,42.014,59.066
1469,goodtimes,56.808,50.946
1470,riproaringtimes,47.683,61.42
1471,goodtimes,64.185,52.808
1472,goodtimes,49.363,53.751
1473,goodtimes,52.305,48.674
1474,recession,38.708,43.345
1475,goodtimes,51.781,48.075
1476,recession,37.894,52.218
1477,goodtimes,50.997,60.598
1478,recession,46.712,42.66
1479,recession,50.758,40.821
1480,recession,45.923,39.55
1481,riproaringtimes,51.326,61.327
1482,goodtimes,52.154,58.639
1483,goodtimes,53.666,65.038
1484,goodtimes,52.202,57.896
1485,riproaringtimes,50.492,63.404
1486,riproaringtimes,50.792,62.75
1487,riproaringtimes,40.887,62.509
1488,riproaringtimes,39.99,64.824
1489,goodtimes,56.086,58.194
1490,goodtimes,51.443,55.82
1491,riproaringtimes,50.622,64.746
1492,riproaringtimes,56.42,60.711
1493,recession,45.418,48.11
1494,goodtimes,52.413,55.111
1495,recession,40.046,43.444
1496,riproaringtimes,51.875,69.835
1497,recession,41.103,51.098
1498,recession,44.691,38.328
1499,goodtimes,44.044,51.454
1500,recession,44.509,39.902
1501,recession,42.492,41.553
1502,recession,45.141,52.222
1503,goodtimes,50.924,51.917
1504,riproaringtimes,49.462,64.929
1505,recession,41.397,43.627
1506,riproaringtimes,46.799,57.436
1507,riproaringtimes,43.005,64.674
1508,goodtimes,59.726,60.546
1509,recession,40.465,47.745
1510,recession,42.963,48.552
1511,goodtimes,62.174,47.222
1512,goodtimes,52.652,57.026
1513,recession,37.824,45.059
1514,riproaringtimes,54.621,69.202
1515,riproaringtimes,48.504,61.252
1516,riproaringtimes,56.338,65.013
1517,riproaringtimes,48.314,67.914
1518,recession,37.856,49.871
1519,goodtimes,62.664,46.896
1520,recession,43.858,44.8
1521,goodtimes,51.08,59.085
1522,riproaringtimes,51.768,55.248
1523,riproaringtimes,39.604,65.973
1524,riproaringtimes,51.967,68.004
1525,recession,47.427,40.363
1526,goodtimes,49.065,60.298
1527,riproaringtimes,51.163,62.751
1528,riproaringtimes,48.456,60.294
1529,recession,50.876,44.223
1530,recession,48.793,36.23
1531,riproaringtimes,47.888,64.368
1532,recession,40.273,42.647
1533,goodtimes,58.662,47.071
1534,goodtimes,57.49,59.321
1535,goodtimes,53.377,54.515
1536,goodtimes,56.628,54.893
1537,goodtimes,52.674,55.171
1538,recession,37.441,43.508
1539,recession,46.181,56.493
1540,recession,39.026,42.074
1541,riproaringtimes,57.743,67.343
1542,riproaringtimes,47.602,61.359
1543,riproaringtimes,54.982,63.968
1544,riproaringtimes,54.69,63.646
1545,goodtimes,51.805,44.332
1546,recession,44.196,45.097
1547,riproaringtimes,46.631,65.02
1548,riproaringtimes,46.24,60.523
1549,riproaringtimes,48.765,70.3
1550,recession,50.786,46.503
1551,riproaringtimes,50.115,62.69
1552,riproaringtimes,57.626,75.097
1553,goodtimes,51.991,53.11
1554,goodtimes,50.249,49.754
1555,riproaringtimes,48.829,65.661
1556,recession,40.469,44.426
1557,recession,40.541,41.631
1558,recession,38.746,45.531
1559,riproaringtimes,59.93,50.837
1560,riproaringtimes,48.782,68.777
1561,recession,46.114,40.403
1562,riproaringtimes,54.606,66.33
1563,riproaringtimes,51.747,68.96
1564,goodtimes,54.055,58.577
1565,riproaringtimes,42.183,63.837
1566,goodtimes,55.408,56.33
1567,goodtimes,52.53,51.089
1568,riproaringtimes,45.427,65.958
1569,recession,46.245,49.286
1570,riproaringtimes,56.942,67.526
1571,riproaringtimes,48.663,63.752
1572,recession,48.431,55.137
1573,goodtimes,60.555,50.556
1574,riproaringtimes,47.328,64.862
1575,goodtimes,52.311,55.34
1576,recession,47.247,45.745
1577,goodtimes,62.096,51.55
1578,recession,46.09,45.995
1579,riproaringtimes,51.888,71.123
1580,goodtimes,57.996,44.492
1581,recession,50.287,41.484
1582,riproaringtimes,43.171,62.961
1583,riproaringtimes,51.274,67.932
1584,riproaringtimes,50.006,65.083
1585,recession,56.837,37.617
1586,goodtimes,51.299,58.719
1587,riproaringtimes,52.269,66.418
1588,riproaringtimes,48.23,72.807
1589,riproaringtimes,48.549,60.686
1590,recession,52.321,44.689
1591,recession,39.341,45.802
1592,recession,43.118,43.678
1593,recession,45.294,36.001
1594,recession,39.829,45.615
1595,goodtimes,57.126,52.24
1596,recession,40.868,52.788
1597,goodtimes,53.793,50.526
1598,recession,45.689,51.583
1599,riproaringtimes,46.273,58.411
1600,recession,50.335,47.733
1601,goodtimes,55.28,62.982
1602,riproaringtimes,48.005,63.841
1603,goodtimes,50.901,59.97
1604,riproaringtimes,50.505,70.93
1605,riproaringtimes,48.177,56.674
1606,recession,48.621,50.59
1607,goodtimes,54.779,57.741
1608,riproaringtimes,47.738,66.352
1609,riproaringtimes,45.127,63.696
1610,recession,40.793,53.509
1611,goodtimes,57.896,60.393
1612,recession,44.525,49.788
1613,goodtimes,48.747,58.534
1614,recession,53.553,49.965
1615,riproaringtimes,52.7,56.22
1616,riproaringtimes,45.204,74.537
1617,goodtimes,50.643,50.685
1618,recession,40.871,43.128
1619,riproaringtimes,46.589,58.008
1620,recession,40.629,41.949
1621,goodtimes,54.92,49.18
1622,riproaringtimes,49.628,64.856
1623,riproaringtimes,45.85,60.623
1624,riproaringtimes,62.103,61.487
1625,goodtimes,52.515,57.147
1626,riproaringtimes,59.263,66.049
1627,recession,50.275,36.251
1628,riproaringtimes,51.351,61.368
1629,riproaringtimes,48.119,66.465
1630,riproaringtimes,41.944,60.933
1631,riproaringtimes,52.144,72.017
1632,riproaringtimes,47.582,70.126
1633,goodtimes,59.61,48.052
1634,riproaringtimes,47.44,69.493
1635,recession,43.967,40.874
1636,goodtimes,58.026,55.754
1637,riproaringtimes,45.944,64.469
1638,riproaringtimes,49.743,72.518
1639,goodtimes,51.913,57.556
1640,riproaringtimes,44.259,62.386
1641,goodtimes,52.105,60.032
1642,riproaringtimes,47.144,68.985
1643,goodtimes,54.501,50.265
1644,goodtimes,51.588,57.441
1645,riproaringtimes,48.104,67.06
1646,riproaringtimes,49.686,63.226
1647,riproaringtimes,44.771,63.195
1648,riproaringtimes,46.141,59.73
1649,goodtimes,64.043,48.688
1650,goodtimes,55.778,52.264
1651,riproaringtimes,47.932,61.285
1652,riproaringtimes,52.922,67.718
1653,riproaringtimes,45.92,67.891
1654,riproaringtimes,52.841,68.674
1655,riproaringtimes,47.529,64.158
1656,riproaringtimes,52.537,62.632
1657,recession,37.899,48.237
1658,riproaringtimes,45.456,72.715
1659,recession,45.307,45.386
1660,riproaringtimes,53.127,65.558
1661,goodtimes,53.135,52.14
1662,riproaringtimes,40.558,67.484
1663,recession,40.327,47.114
1664,goodtimes,54.937,55.574
1665,riproaringtimes,52.257,62.449
1666,riproaringtimes,50.031,64.971
1667,goodtimes,45.064,56.151
1668,recession,44.928,49.457
1669,goodtimes,55.31,55.014
1670,riproaringtimes,55.171,67.168
1671,goodtimes,60.466,60.339
1672,riproaringtimes,50.47,59.548
1673,recession,51.942,45.234
1674,recession,46.558,42.023
1675,goodtimes,56.074,55.369
1676,goodtimes,58.146,55.396
1677,recession,43.948,42.097
1678,recession,52.36,42.565
1679,recession,40.398,46.452
1680,recession,45.358,41.269
1681,goodtimes,52.543,50.505
1682,goodtimes,55.635,54.004
1683,goodtimes,50.212,51.815
1684,goodtimes,53.804,53.258
1685,recession,50.788,48.337
1686,goodtimes,55.117,46.082
1687,goodtimes,53.297,55.282
1688,riproaringtimes,44.675,67.04
1689,riproaringtimes,48.123,68.069
1690,goodtimes,56.186,53.58
1691,goodtimes,57.583,49.146
1692,recession,40.638,42.303
1693,riproaringtimes,56.631,68.735
1694,goodtimes,49.234,56.186
1695,goodtimes,55.672,58.636
1696,goodtimes,46.161,62.03
1697,goodtimes,52.164,46.554
1698,goodtimes,49.636,47.513
1699,riproaringtimes,49.473,70.32
1700,riproaringtimes,48.128,58.018
1701,goodtimes,56.488,55.996
1702,goodtimes,57.76,51.086
1703,riproaringtimes,41.778,65.877
1704,goodtimes,57.147,60.331
1705,riproaringtimes,50.971,66.405
1706,recession,44.656,44.503
1707,riproaringtimes,49.494,63.345
1708,recession,50.441,47.193
1709,riproaringtimes,45.678,63.422
1710,recession,41.98,48.254
1711,riproaringtimes,55.851,50.772
1712,riproaringtimes,46.532,61.915
1713,riproaringtimes,48.426,64.442
1714,riproaringtimes,49.828,71.607
1715,goodtimes,52.081,53.072
1716,recession,44.26,40.85
1717,riproaringtimes,58.184,67.727
1718,riproaringtimes,48.77,62.951
1719,recession,53.685,55.903
1720,riproaringtimes,44.693,63.099
1721,recession,51.536,39.204
1722,recession,49.092,47.96
1723,riproaringtimes,54.705,70.994
1724,recession,44.446,42.018
1725,recession,42.993,44.445
1726,recession,42.356,44.755
1727,goodtimes,56.494,57.481
1728,recession,41.339,45.779
1729,recession,45.604,46.881
1730,riproaringtimes,49.697,59.978
1731,goodtimes,57.189,61.105
1732,recession,46.765,46.275
1733,recession,49.306,40.576
1734,recession,40.122,35.751
1735,riproaringtimes,51.158,59.457
1736,riproaringtimes,52.521,64.34
1737,recession,47.372,39.903
1738,goodtimes,52.676,57.387
1739,recession,52.172,38.961
1740,recession,44.565,47.028
1741,riproaringtimes,48.15,74.5
1742,recession,47.861,49.471
1743,goodtimes,56.12,53.008
1744,recession,44.104,42.957
1745,riproaringtimes,51.842,62.955
1746,riproaringtimes,48.218,64.013
1747,riproaringtimes,51.917,61.006
1748,recession,42.443,43.557
1749,goodtimes,52.997,55.689
1750,riproaringtimes,50.294,62.126
1751,riproaringtimes,44.466,73.696
1752,goodtimes,56.622,56.858
1753,goodtimes,52.312,61.594
1754,recession,50.744,43.215
1755,riproaringtimes,56.129,67.495
1756,riproaringtimes,43.741,68.9
1757,goodtimes,51.046,56.957
1758,riproaringtimes,56.121,72.042
1759,riproaringtimes,56.555,67.739
1760,goodtimes,55.319,59.6
1761,goodtimes,61.168,60.383
1762,riproaringtimes,44.837,65.285
1763,goodtimes,59.979,56.096
1764,recession,41.685,49.186
1765,riproaringtimes,50.808,63.139
1766,goodtimes,50.088,58.325
1767,recession,46.539,42.699
1768,riproaringtimes,47.206,63.19
1769,recession,42.892,49.127
1770,goodtimes,50.858,47.513
1771,goodtimes,64.236,51.268
1772,recession,35.561,37.861
1773,recession,45.132,45.143
1774,riproaringtimes,46.079,65.211
1775,recession,47.487,45.912
1776,goodtimes,53.685,54.191
1777,goodtimes,52.998,52.618
1778,recession,43.325,49.553
1779,recession,45.222,46.078
1780,goodtimes,52.833,59.217
1781,recession,42.717,38.788
1782,goodtimes,52.918,52.836
1783,riproaringtimes,43.117,66.493
1784,goodtimes,60.1,50.896
1785,recession,43.791,39.071
1786,riproaringtimes,60.629,64.377
1787,riproaringtimes,42.845,61.037
1788,riproaringtimes,44.08,64.057
1789,recession,41.863,39.008
1790,goodtimes,55.553,47.919
1791,riproaringtimes,47.647,73.117
1792,goodtimes,57.017,51.943
1793,riproaringtimes,47.631,66.446
1794,riproaringtimes,49.437,58.432
1795,riproaringtimes,44.436,57.131
1796,riproaringtimes,49.076,64.034
1797,riproaringtimes,54.399,69.269
1798,riproaringtimes,56.612,64.027
1799,riproaringtimes,52.765,62.236
1800,riproaringtimes,49.753,68.748
1801,goodtimes,52.505,60.793
1802,riproaringtimes,51.122,67.507
1803,riproaringtimes,54.568,59.098
1804,recession,42.748,49.376
1805,goodtimes,54.15,54.09
1806,goodtimes,54.537,57.852
1807,recession,46.811,45.113
1808,recession,43.529,50.538
1809,recession,45.567,38.498
1810,goodtimes,54.96,56.958
1811,goodtimes,57.0,52.054
1812,goodtimes,56.064,52.25
1813,riproaringtimes,52.092,65.149
1814,recession,48.672,48.719
1815,riproaringtimes,50.906,68.642
1816,riproaringtimes,58.237,60.632
1817,riproaringtimes,47.356,59.927
1818,goodtimes,57.227,55.794
1819,riproaringtimes,58.758,63.196
1820,recession,45.557,48.365
1821,goodtimes,54.98,54.77
1822,riproaringtimes,49.621,67.347
1823,riproaringtimes,57.663,65.992
1824,recession,48.349,43.199
1825,goodtimes,50.706,58.283
1826,riproaringtimes,51.998,63.634
1827,riproaringtimes,51.71,60.651
1828,goodtimes,53.866,55.495
1829,recession,45.11,43.769
1830,riproaringtimes,52.942,68.974
1831,recession,43.002,47.495
1832,recession,41.26,43.756
1833,recession,44.388,47.057
1834,riproaringtimes,53.65,61.891
1835,goodtimes,61.28,53.352
1836,recession,55.224,42.453
1837,riproaringtimes,46.329,65.269
1838,riproaringtimes,56.063,59.032
1839,recession,48.898,47.366
1840,recession,48.54,49.317
1841,recession,47.128,36.791
1842,riproaringtimes,46.783,60.741
1843,recession,39.113,43.243
1844,riproaringtimes,47.457,65.535
1845,recession,46.363,51.783
1846,recession,38.896,48.37
1847,recession,44.73,41.536
1848,riproaringtimes,53.127,68.419
1849,riproaringtimes,54.985,62.4
1850,recession,49.3,40.417
1851,recession,47.516,45.385
1852,riproaringtimes,43.508,66.062
1853,riproaringtimes,49.244,64.919
1854,riproaringtimes,51.179,64.025
1855,goodtimes,59.474,55.51
1856,goodtimes,56.042,55.482
1857,goodtimes,52.583,58.989
1858,riproaringtimes,39.422,63.234
1859,recession,46.787,43.884
1860,goodtimes,50.008,63.088
1861,goodtimes,65.525,52.502
1862,recession,39.601,40.959
1863,recession,45.348,45.105
1864,goodtimes,61.751,56.364
1865,recession,50.714,46.598
1866,goodtimes,59.37,46.568
1867,riproaringtimes,41.987,68.387
1868,recession,56.425,45.633
1869,goodtimes,52.628,45.198
1870,riproaringtimes,48.155,68.434
1871,recession,45.887,48.79
1872,goodtimes,53.84,53.082
1873,goodtimes,52.016,53.697
1874,goodtimes,56.441,64.34
1875,riproaringtimes,53.839,59.394
1876,recession,48.329,45.533
1877,recession,39.191,47.349
1878,riproaringtimes,56.286,66.953
1879,goodtimes,52.301,53.098
1880,goodtimes,58.968,52.74
1881,riproaringtimes,51.008,63.82
1882,riproaringtimes,51.19,75.478
1883,goodtimes,57.665,50.76
1884,riproaringtimes,42.813,61.519
1885,recession,53.1,42.748
1886,goodtimes,49.541,53.168
1887,recession,43.912,53.985
1888,recession,40.927,47.796
1889,goodtimes,63.087,58.69
1890,riproaringtimes,53.962,70.726
1891,riproaringtimes,51.565,63.393
1892,riproaringtimes,48.64,71.618
1893,riproaringtimes,48.794,66.493
1894,goodtimes,62.899,54.741
1895,recession,44.417,43.727
1896,recession,46.06,52.423
1897,riproaringtimes,53.1,70.422
1898,recession,48.514,43.517
1899,riproaringtimes,51.847,75.561
1900,recession,44.168,37.722
1901,goodtimes,59.28,52.101
1902,riproaringtimes,50.859,71.141
1903,goodtimes,53.11,56.949
1904,goodtimes,53.802,64.189
1905,riproaringtimes,51.326,65.703
1906,recession,37.96,46.349
1907,goodtimes,58.962,60.568
1908,goodtimes,60.096,57.558
1909,riproaringtimes,55.09,65.274
1910,goodtimes,56.25,47.387
1911,recession,43.01,46.345
1912,riproaringtimes,44.817,68.556
1913,goodtimes,55.302,49.272
1914,goodtimes,56.009,51.624
1915,riproaringtimes,50.528,63.818
1916,riproaringtimes,41.597,61.933
1917,riproaringtimes,43.998,66.06
1918,recession,41.573,42.414
1919,goodtimes,54.843,59.329
1920,riproaringtimes,54.862,72.475
1921,recession,45.336,42.77
1922,recession,37.476,43.744
1923,recession,39.336,42.417
1924,riproaringtimes,49.323,64.755
1925,recession,40.851,45.633
1926,goodtimes,54.996,59.404
1927,goodtimes,55.12,52.65
1928,recession,44.443,48.239
1929,recession,43.957,45.858
1930,goodtimes,60.768,48.589
1931,goodtimes,57.27,51.894
1932,recession,40.957,48.664
1933,goodtimes,54.233,56.169
1934,recession,40.609,43.632
1935,recession,50.828,51.804
1936,goodtimes,58.81,58.183
1937,goodtimes,56.749,53.593
1938,goodtimes,51.533,56.62
1939,recession,50.035,44.111
1940,goodtimes,50.706,54.146
1941,recession,38.501,41.891
1942,riproaringtimes,42.487,59.422
1943,recession,44.59,42.996
1944,recession,41.427,43.929
1945,recession,55.552,39.124
1946,recession,42.023,46.101
1947,goodtimes,44.508,51.25
1948,riproaringtimes,55.232,62.59
1949,riproaringtimes,51.296,64.009
1950,riproaringtimes,47.265,64.117
1951,recession,46.607,38.978
1952,recession,42.41,37.242
1953,goodtimes,50.964,62.467
1954,goodtimes,55.511,59.641
1955,recession,55.414,50.186
1956,riproaringtimes,46.652,57.958
1957,goodtimes,55.87,47.703
1958,riproaringtimes,51.623,56.572
1959,riproaringtimes,45.299,69.462
1960,riproaringtimes,50.768,66.048
1961,riproaringtimes,52.845,70.795
1962,riproaringtimes,52.931,63.908
1963,recession,44.25,45.633
1964,riproaringtimes,46.331,57.715
1965,recession,45.377,47.408
1966,recession,42.674,46.795
1967,goodtimes,48.665,46.862
1968,riproaringtimes,56.135,61.076
1969,goodtimes,51.089,51.688
1970,goodtimes,50.513,48.083
1971,riproaringtimes,50.537,75.351
1972,goodtimes,59.587,55.528
1973,recession,44.397,42.938
1974,goodtimes,57.076,51.94
1975,riproaringtimes,52.414,71.747
1976,riproaringtimes,46.853,69.183
1977,goodtimes,56.036,51.818
1978,recession,45.88,38.894
1979,riproaringtimes,53.45,67.524
1980,goodtimes,59.345,58.966
1981,recession,33.89,49.317
1982,goodtimes,65.497,55.705
1983,riproaringtimes,47.388,66.85
1984,goodtimes,45.798,55.276
1985,recession,45.258,44.674
1986,recession,40.972,52.594
1987,riproaringtimes,49.779,61.595
1988,recession,45.036,43.272
1989,riproaringtimes,53.081,63.449
1990,riproaringtimes,58.561,65.404
1991,recession,45.466,43.54
1992,recession,41.204,40.554
1993,recession,50.874,48.947
1994,goodtimes,55.165,65.206
1995,recession,36.012,49.507
1996,recession,49.903,45.315
1997,recession,44.252,51.4
1998,recession,46.957,32.57
1999,goodtimes,57.348,57.692
2000,recession,42.754,39.647
